Model,MAE,R² Score
Random Forest Regressor,4299.821659205805,0.8951715820979509
