Model,MAE,R² Score
Random Forest Regressor,4299.816602492768,0.8951714431893701
